{
    "COMANDO_1": {
        "medias": [
            0.9937480688095093,
            0.006251591257750988,
            3.113781588126585e-07
        ],
        "desviaciones": [
            0.007443031296133995,
            0.007443209178745747,
            1.231202986673452e-06
        ]
    },
    "COMANDO_2": {
        "medias": [
            0.9895263910293579,
            0.010473302565515041,
            3.8090936982371204e-07
        ],
        "desviaciones": [
            0.014089527539908886,
            0.014089074917137623,
            1.7711480495563592e-06
        ]
    },
    "COMANDO_3": {
        "medias": [
            0.9994754195213318,
            0.0005245309439487755,
            4.5140190252368484e-08
        ],
        "desviaciones": [
            0.00026521660038270056,
            0.0002652000111993402,
            4.254046359619679e-08
        ]
    }
}