{
    "fs": 16000,
    "N": 4096,
    "K": 16,
    "window": "hamming",
    "commands": {
        "COMANDO_1": {
            "mean": [
                0.07538165152072906,
                0.1432727575302124,
                0.057574834674596786,
                0.08532530069351196,
                0.030161088332533836,
                0.02154860645532608,
                0.007580407429486513,
                0.004901867359876633,
                0.0004775354464072734,
                8.810435247141868e-06,
                2.301836502738297e-06,
                1.9482768038869835e-06,
                1.8532460899223224e-06,
                1.7992606444749981e-06,
                1.7683595388007234e-06,
                1.754118216013012e-06
            ],
            "std": [
                0.051931802183389664,
                0.1738954335451126,
                0.10127083957195282,
                0.13046857714653015,
                0.0541897788643837,
                0.051990337669849396,
                0.027307871729135513,
                0.014406564645469189,
                0.0011709968093782663,
                3.661321898107417e-05,
                8.80659445101628e-06,
                7.21653987056925e-06,
                6.4211199060082436e-06,
                5.971398422843777e-06,
                5.73732768316404e-06,
                5.637039521388942e-06
            ],
            "count": 183
        },
        "COMANDO_2": {
            "mean": [
                0.07594674825668335,
                0.04030909389257431,
                0.006816274020820856,
                0.006406445521861315,
                0.03757678344845772,
                0.015445999801158905,
                0.007956967689096928,
                0.0050801485776901245,
                9.526470967102796e-05,
                2.788156734823133e-06,
                1.41309931223077e-06,
                1.3739271480517345e-06,
                1.3664329117091256e-06,
                1.362073703603528e-06,
                1.3594161600849475e-06,
                1.3581505982074304e-06
            ],
            "std": [
                0.03775371238589287,
                0.07324420660734177,
                0.009683658368885517,
                0.009959171526134014,
                0.05512849986553192,
                0.021525327116250992,
                0.01906009018421173,
                0.014440441504120827,
                0.00025670233299024403,
                7.429724519170122e-06,
                4.194864686724031e-06,
                4.181805707048625e-06,
                4.170105967205018e-06,
                4.161661308899056e-06,
                4.15626664107549e-06,
                4.153638656134717e-06
            ],
            "count": 174
        },
        "COMANDO_3": {
            "mean": [
                0.06666339933872223,
                0.24670879542827606,
                0.1650075614452362,
                0.15750552713871002,
                0.05294327065348625,
                0.01428935769945383,
                0.00864864606410265,
                0.0030537270940840244,
                0.00012776769290212542,
                3.051022758882027e-06,
                9.617543810236384e-07,
                8.246784091170412e-07,
                8.145320293806435e-07,
                8.111895795082091e-07,
                8.091695349321526e-07,
                8.082099611783633e-07
            ],
            "std": [
                0.05143598094582558,
                0.18355941772460938,
                0.18728357553482056,
                0.2031993418931961,
                0.06161120906472206,
                0.022111279889941216,
                0.028579358011484146,
                0.007299541030079126,
                0.00024808995658531785,
                5.836830951011507e-06,
                2.1024065972596873e-06,
                2.058232894341927e-06,
                2.04812090487394e-06,
                2.0421641693246784e-06,
                2.0384434264997253e-06,
                2.036660134763224e-06
            ],
            "count": 147
        }
    }
}