{
    "COMANDO_1": {
        "medias": [
            0.5906890034675598,
            0.38019075989723206,
            0.028810692951083183,
            0.00030852656345814466,
            5.334740080797928e-07,
            4.344759929608699e-07
        ],
        "desviaciones": [
            0.15041020512580872,
            0.13945889472961426,
            0.03854423761367798,
            0.0004376059223432094,
            2.9854652439098572e-06,
            2.435660690025543e-06
        ]
    },
    "COMANDO_2": {
        "medias": [
            0.6854776740074158,
            0.23457591235637665,
            0.07981915026903152,
            0.00012660480570048094,
            4.30686583285933e-07,
            3.531774268594745e-07
        ],
        "desviaciones": [
            0.18821753561496735,
            0.15432974696159363,
            0.10385309904813766,
            0.00026522966800257564,
            3.0039786906854715e-06,
            2.4553291950724088e-06
        ]
    },
    "COMANDO_3": {
        "medias": [
            0.559634804725647,
            0.4064684510231018,
            0.033779893070459366,
            0.00011658754374366254,
            4.920990193113539e-08,
            3.612870358438158e-08
        ],
        "desviaciones": [
            0.18995048105716705,
            0.16904406249523163,
            0.05856446549296379,
            0.0003866986953653395,
            2.0515633991635696e-07,
            1.6318443840646069e-07
        ]
    }
}